INSERT INTO role(name, description, created_by, created_on, modified_by, modified_on)
VALUES ('ROLE_ADMIN', 'Admin Role', 1, UTC_TIMESTAMP(), NULL, NULL),
       ('ROLE_MERCHANT', 'Dealer Role', 1, UTC_TIMESTAMP(), NULL, NULL),
       ('ROLE_AFFILIATE', 'Contractor Role', 1, UTC_TIMESTAMP(), NULL, NULL);

INSERT INTO business_service_category_ref(bus_svc_cat_id, bus_svc_cat_nm)
VALUES (1, 'Business Category1'),
       (2, 'Business Category2'),
       (3, 'Business Category3');

INSERT INTO campaign_category_ref(camp_cat_id, camp_cat_nm)
VALUES (1, 'Campaign Category1'),
       (2, 'Campaign Category2'),
       (3, 'Campaign Category3');

INSERT INTO address_country_ref(addr_cntry_id, addr_cntry_nm)
VALUES (1, 'United States of America'),
       (2, 'India');

INSERT INTO address_state_ref(addr_state_id, addr_state_nm,addr_cntry_id_addr_cntry_id)
VALUES (1, 'Alabama',1),
       (2, 'Alaska',1),
       (3, 'Arizona',1),
       (4, 'Arkansas',1),
       (5, 'California',1),
       (6, 'Colorado',1),
       (7, 'Connecticut',1),
       (8, 'Delaware',1),
       (9, 'Florida',1),
       (10, 'Georgia',1),
       (11, 'Hawaii',1),
       (12, 'Idaho',1),
       (13, 'Illinois',1),
       (14, 'Indiana',1),
       (15, 'Iowa',1),
       (16, 'Kansas',1),
       (17, 'Kentucky',1),
       (18, 'Louisiana',1),
       (19, 'Maine',1),
       (20, 'Maryland',1),
       (21, 'Massachusetts',1),
       (22, 'Michigan',1),
       (23, 'Minnesota',1),
       (24, 'Mississippi',1),
       (25, 'Missouri',1),
       (26, 'Montana',1),
       (27, 'Nebraska',1),
       (28, 'Nevada',1),
       (29, 'New Hampshire',1),
       (30, 'New Jersey',1),
       (31, 'New Mexico',1),
       (32, 'New York',1),
       (33, 'North Carolina',1),
       (34, 'North Dakota',1),
       (35, 'Ohio',1),
       (36, 'Oklahoma',1),
       (37, 'Oregon',1),
       (38, 'Pennsylvania',1),
       (39, 'Rhode Island',1),
       (40, 'South Carolina',1),
       (41, 'South Dakota',1),
       (42, 'Tennessee',1),
       (43, 'Texas',1),
       (44, 'Utah',1),
       (45, 'Vermont',1),
       (46, 'Virginia',1),
       (47, 'Washington',1),
       (48, 'West Virginia',1),
       (49, 'Wisconsin',1),
       (50, 'Wyoming',1);

INSERT INTO address_city_ref(addr_city_id, addr_city_nm,zipcode,addr_state_id_addr_state_id)
VALUES (1, 'Montgomery','36104',1),
       (2, 'Juneau','99801',2),
       (3, 'Phoenix','85001',3),
       (4, 'Little Rock','72201',4),
       (5,'Sacramento','95814',5),
       (6,'Denver','80202',6),
       (7,'Hartford','06103',7),
       (8,'Dover','19901',8),
       (9,'Tallahassee', '32301',9),
       (10,'Atlanta','30303',10),
       (11,'Honolulu','96813',11),
       (12,'Boise','83702',12),
       (13,'Springfield','62701',13),
       (14,'Indianapolis','46225',14),
       (15,'Des Moines','50309',15),
       (16,'Topeka','66603',16),
       (17,'Frankfort','40601',17),
       (18,'Baton Rouge','70802',18),
       (19,'Augusta','04330',19),
       (20,'Annapolis','21401',20),
       (21,'Boston','02109',21),
       (22,'Lansing','48933',22),
       (23,'Saint Paul','55102',23),
       (24,'Jackson','21401',24),
       (25,'Jefferson City','39201',25),
       (26,'Helena','59601',26),
       (27,'Lincoln','68508',27),
       (28,'Carson City','89701',28),
       (29,'Concord','03301',29),
       (30,'Trenton','08608',30),
       (31,'Santa Fe','87501',31),
       (32,'Albany','12207',32),
       (33,'Raleigh','21401',33),
       (34,'Bismarck','58501',34),
       (35,'Columbus','43215',35),
       (36,'Oklahoma City','73102',36),
       (37,'Salem','97301',37),
       (38,'Harrisburg','17101',38),
       (39,'Providence','02903',39),
       (40,'Columbia','29201',40),
       (41,'Pierre','57501',41),
       (42,'Nashville','37219',42),
       (43,'Austin','78701',43),
       (44,'Salt Lake City','84111',44),
       (45,'Montpelier','05601',45),
       (46,'Richmond','23219',46),
       (47,'Olympia','98501',47),
       (48,'Charleston','25301',48),
       (49,'Madison','53703',49),
       (50,'Cheyenne ','82001',50);

INSERT INTO timezone_ref(timezone_id, abbreviation,country,region,timezone_nm,utc_offset)
VALUES (1, 'EST','United States','Eastern Time (US & Canada)','Eastern Standard Time','-05:00'),
       (2, 'CST','United States','Central Time (US & Canada)','Central Standard Time','-06:00'),
       (3, 'MST','United States','Mountain Time (US & Canada)','Mountain Standard Time','-07:00'),
       (4, 'PST','United States','Pacific Time (US & Canada)','Pacific Standard Time','-08:00'),
       (5, 'AKST','United States','Alaska','Alaska Standard Time','-09:00'),
       (6, 'HAST','United States','Hawaii','Hawaii-Aleutian Standard Time','-10:00');